banoffee-dome	https://foodpanda.dhmedia.io/image/global-menu-service/FP_PK/vendor/u18n/product/add23651-7cdf-4229-9a88-d668bd4a0402.jpg
new-york-cheesecake	https://images.deliveryhero.io/image/global-menu-service/FP_PK/vendor/u18n/product/57e106e1-d9d0-4aff-bb59-7bf11030a18d.jpg
coffee-tiramisu-for-one	https://images.deliveryhero.io/image/global-menu-service/FP_PK/vendor/u18n/product/101945989/6dd214da-79bf-4dcc-a1ad-37e217cc1c43.jpg
matilda-cake	https://images.deliveryhero.io/image/global-menu-service/FP_PK/vendor/u18n/product/101516018/6724eba5-7ae0-48ec-afb6-f94376be5714.jpg
the-london-cake	https://images.deliveryhero.io/image/global-menu-service/FP_PK/vendor/u18n/product/f4b8788f-4e18-4a8c-b79c-7df0db528164.jpg
crunchy-chocolate-cake-for-one	https://foodpanda.dhmedia.io/image/global-menu-service/FP_PK/vendor/u18n/product/793d57e0-013a-4766-bf94-d46da89a6f78.jpg
dubai-chocolate-cake-for-one	https://foodpanda.dhmedia.io/image/global-menu-service/FP_PK/vendor/u18n/product/e59a6b14-4c89-4059-a751-008f192bee57.jpg
upgraded-fudgy-brownie	https://images.deliveryhero.io/image/fd-pk/Products/98464981.jpg
brookie	https://images.deliveryhero.io/image/global-menu-service/FP_PK/vendor/u18n/product/101516017/e354c95a-6481-43c6-bad4-f8d22997f6da.jpg
the-milo-brownie	https://images.deliveryhero.io/image/global-menu-service/FP_PK/vendor/u18n/product/7caf2172-1800-4474-b46d-b697cd213ade.jpg
walnut-brownie	https://foodpanda.dhmedia.io/image/global-menu-service/FP_PK/vendor/u18n/product/95673c77-e596-4076-9a29-7abc720d6aa1.jpg
cookie-shot-box	https://images.deliveryhero.io/image/global-menu-service/FP_PK/vendor/u18n/product/101516030/2098c232-8583-4a4c-82f5-8d07b977ae56.jpg
brownie-shot-box	https://images.deliveryhero.io/image/global-menu-service/FP_PK/vendor/u18n/product/102007425/f0b7d9ec-4dfc-4881-abed-961087ec7241.jpg
brown-butter-chocolate-chip-cookie	https://images.deliveryhero.io/image/fd-pk/Products/98464993.jpg
brown-butter-double-chocolate-cookie	https://images.deliveryhero.io/image/fd-pk/Products/98464994.jpg
chocolate-banana-bread-mini-loaf	https://images.deliveryhero.io/image/fd-pk/Products/98464985.jpg
chocolate-banana-bread-slice	https://images.deliveryhero.io/image/global-menu-service/FP_PK/vendor/u18n/product/101516021/dbd8e758-985c-4274-80fd-dff8a5c2329f.jpg
cinnamon-coffee-cake-slice	https://images.deliveryhero.io/image/global-menu-service/FP_PK/vendor/u18n/product/101516025/ced527a5-c77c-4537-a859-b444198e679e.jpg
butter-cake-mini-loaf	https://images.deliveryhero.io/image/global-menu-service/FP_PK/vendor/u18n/product/101516026/398f5ea1-88cd-42e6-a321-6195288065da.jpg
butter-cake-slice	https://images.deliveryhero.io/image/global-menu-service/FP_PK/vendor/u18n/product/101516027/2875f54a-75ae-47eb-b765-dd07c8e8288e.jpg
churros-with-chocolate-sauce	https://images.deliveryhero.io/image/global-menu-service/FP_PK/vendor/u18n/product/798070e4-7d1b-4f27-963e-d67fe1848181.jpg
milk-chocolate-sauce	https://images.deliveryhero.io/image/global-menu-service/FP_PK/vendor/u18n/product/7a91e4d7-1a3f-4684-a017-db8d7289c969.jpg
semi-sweet-chocolate-sauce	https://images.deliveryhero.io/image/global-menu-service/FP_PK/vendor/u18n/product/ba1072fb-511d-448a-9cd8-9f934ee81b6e.jpg
strawberry-sauce	https://images.deliveryhero.io/image/global-menu-service/FP_PK/vendor/u18n/product/c9227fa3-048a-4a37-9bc2-683780a10395.jpg
matilda-cookie-shot-box	https://images.deliveryhero.io/image/global-menu-service/FP_PK/vendor/u18n/product/84dd0ffe-8f4a-4056-a460-f5583eeae4f4.jpg
brownie-brookie-duo	https://images.deliveryhero.io/image/global-menu-service/FP_PK/vendor/u18n/product/8bbd9366-a29f-400e-b938-8f467063a523.jpg
brown-butter-cookie-duo	https://images.deliveryhero.io/image/global-menu-service/FP_PK/vendor/u18n/product/81a81092-0e6a-4d64-86fa-b51e1004ef02.jpg
trio-of-cake-slices	https://images.deliveryhero.io/image/global-menu-service/FP_PK/vendor/u18n/product/101786663/aeeeccb2-884c-4843-9823-6d31e6a4ea45.jpg
chocolate-sauce-duo	https://images.deliveryhero.io/image/global-menu-service/FP_PK/vendor/u18n/product/3f27dae6-aece-406d-822c-6ec3ac5a1aed.jpg
a-little-note	https://images.deliveryhero.io/image/global-menu-service/FP_PK/vendor/u18n/product/c56e2027-467d-44eb-bd93-5686a62c424f.jpg
happy-birthday	https://images.deliveryhero.io/image/global-menu-service/FP_PK/vendor/u18n/product/12d99853-dbb0-4150-bf86-e8736e40bb2a.jpg
with-love	https://images.deliveryhero.io/image/global-menu-service/FP_PK/vendor/u18n/product/dd4d880a-e9fd-48a2-aee4-f3a618a0773e.jpg
